Name,E-mail,Notes,Phone(HOME),Mobile,Address(HOME),Email(Work),Phone(Office),Company,Professtion,Department,Address(Office),Nickname,URL
,,,,, ,,,,,, ,,
Dayanand 221399,abc@gmail.com,,,9874561122, ,,,500,,, varanasi,,
Dayakara 221398,abc@gmail.com,,,9874561122, ,,,499,,, varanasi,,
Dayada 221397,abc@gmail.com,,,9874561122, ,,,498,,, varanasi,,
Dattatreya 221396,abc@gmail.com,,,9874561122, ,,,497,,, varanasi,,
Dasmaya 221395,abc@gmail.com,,,9874561122, ,,,496,,, varanasi,,
Dasharathi  221394,abc@gmail.com,,,9874561122, ,,,495,,, varanasi,,
Dasharath  221393,abc@gmail.com,,,9874561122, ,,,494,,, varanasi,,
Daruka 221392,abc@gmail.com,,,9874561122, ,,,493,,, varanasi,,
Darshan  221391,abc@gmail.com,,,9874561122, ,,,492,,, varanasi,,
Darpan  221390,abc@gmail.com,,,9874561122, ,,,491,,, varanasi,,
Darpak 221389,abc@gmail.com,,,9874561122, ,,,490,,, varanasi,,
Danvir 221388,abc@gmail.com,,,9874561122, ,,,489,,, varanasi,,
Danuj 221387,abc@gmail.com,,,9874561122, ,,,488,,, varanasi,,
Damodar 221386,abc@gmail.com,,,9874561122, ,,,487,,, varanasi,,
Damian  221385,abc@gmail.com,,,9874561122, ,,,486,,, varanasi,,
Daman  221384,abc@gmail.com,,,9874561122, ,,,485,,, varanasi,,
Dalbhya 221383,abc@gmail.com,,,9874561122, ,,,484,,, varanasi,,
Dalapathi 221382,abc@gmail.com,,,9874561122, ,,,483,,, varanasi,,
Dalajit 221381,abc@gmail.com,,,9874561122, ,,,482,,, varanasi,,
Dakshina 221380,abc@gmail.com,,,9874561122, ,,,481,,, varanasi,,
Dakshi  221379,abc@gmail.com,,,9874561122, ,,,480,,, varanasi,,
Dakshesh 221378,abc@gmail.com,,,9874561122, ,,,479,,, varanasi,,
Daksha 221377,abc@gmail.com,,,9874561122, ,,,478,,, varanasi,,
Daiwik  221376,abc@gmail.com,,,9874561122, ,,,477,,, varanasi,,
Daivya  221375,abc@gmail.com,,,9874561122, ,,,476,,, varanasi,,
Daha  221374,abc@gmail.com,,,9874561122, ,,,475,,, varanasi,,
Dabeet  221373,abc@gmail.com,,,9874561122, ,,,474,,, varanasi,,
Chudamani 221372,abc@gmail.com,,,9874561122, ,,,473,,, varanasi,,
Chittesh  221371,abc@gmail.com,,,9874561122, ,,,472,,, varanasi,,
Chittaswarup 221370,abc@gmail.com,,,9874561122, ,,,471,,, varanasi,,
Chittaranjan 221369,abc@gmail.com,,,9874561122, ,,,470,,, varanasi,,
Chittaprasad 221368,abc@gmail.com,,,9874561122, ,,,469,,, varanasi,,
Chitta  221367,abc@gmail.com,,,9874561122, ,,,468,,, varanasi,,
Chitresh  221366,abc@gmail.com,,,9874561122, ,,,467,,, varanasi,,
Chitrasen  221365,abc@gmail.com,,,9874561122, ,,,466,,, varanasi,,
Chitrarath  221364,abc@gmail.com,,,9874561122, ,,,465,,, varanasi,,
Chitral  221363,abc@gmail.com,,,9874561122, ,,,464,,, varanasi,,
Chitraksh 221362,abc@gmail.com,,,9874561122, ,,,463,,, varanasi,,
Chitragupta 221361,abc@gmail.com,,,9874561122, ,,,462,,, varanasi,,
Chitrabhanu  221360,abc@gmail.com,,,9874561122, ,,,461,,, varanasi,,
Chithayu 221359,abc@gmail.com,,,9874561122, ,,,460,,, varanasi,,
Chirtrang 221358,abc@gmail.com,,,9874561122, ,,,459,,, varanasi,,
Chirayu  221357,abc@gmail.com,,,9874561122, ,,,458,,, varanasi,,
Chirantan  221356,abc@gmail.com,,,9874561122, ,,,457,,, varanasi,,
Chiranjeev 221355,abc@gmail.com,,,9874561122, ,,,456,,, varanasi,,
Chirag 221354,abc@gmail.com,,,9874561122, ,,,455,,, varanasi,,
Chintya 221353,abc@gmail.com,,,9874561122, ,,,454,,, varanasi,,
Chinthanaichelvan 221352,abc@gmail.com,,,9874561122, ,,,453,,, varanasi,,
Chintan 221351,abc@gmail.com,,,9874561122, ,,,452,,, varanasi,,
Chintamani 221350,abc@gmail.com,,,9874561122, ,,,451,,, varanasi,,
Chinnadurai 221349,abc@gmail.com,,,9874561122, ,,,450,,, varanasi,,
Chinmayananda  221348,abc@gmail.com,,,9874561122, ,,,449,,, varanasi,,
Chinmay 221347,abc@gmail.com,,,9874561122, ,,,448,,, varanasi,,
Chiman  221346,abc@gmail.com,,,9874561122, ,,,447,,, varanasi,,
Chidananda  221345,abc@gmail.com,,,9874561122, ,,,446,,, varanasi,,
Chidambaram 221344,abc@gmail.com,,,9874561122, ,,,445,,, varanasi,,
Chidambar 221343,abc@gmail.com,,,9874561122, ,,,444,,, varanasi,,
Chhandak  221342,abc@gmail.com,,,9874561122, ,,,443,,, varanasi,,
Chevatkodiyon 221341,abc@gmail.com,,,9874561122, ,,,442,,, varanasi,,
Chetana  221340,abc@gmail.com,,,9874561122, ,,,441,,, varanasi,,
Chetan 221339,abc@gmail.com,,,9874561122, ,,,440,,, varanasi,,
Chemmal 221338,abc@gmail.com,,,9874561122, ,,,439,,, varanasi,,
Chellapan 221337,abc@gmail.com,,,9874561122, ,,,438,,, varanasi,,
Chellamuthu 221336,abc@gmail.com,,,9874561122, ,,,437,,, varanasi,,
Chellamani 221335,abc@gmail.com,,,9874561122, ,,,436,,, varanasi,,
Cheliyan 221334,abc@gmail.com,,,9874561122, ,,,435,,, varanasi,,
Chaturbhuj 221333,abc@gmail.com,,,9874561122, ,,,434,,, varanasi,,
Charuvindha 221332,abc@gmail.com,,,9874561122, ,,,433,,, varanasi,,
Charuvardhana 221331,abc@gmail.com,,,9874561122, ,,,432,,, varanasi,,
Charudutta 221330,abc@gmail.com,,,9874561122, ,,,431,,, varanasi,,
Charudatta 221329,abc@gmail.com,,,9874561122, ,,,430,,, varanasi,,
Charu 221328,abc@gmail.com,,,9874561122, ,,,429,,, varanasi,,
Charanjit 221327,abc@gmail.com,,,9874561122, ,,,428,,, varanasi,,
Charan 221326,abc@gmail.com,,,9874561122, ,,,427,,, varanasi,,
Chapal 221325,abc@gmail.com,,,9874561122, ,,,426,,, varanasi,,
Chanyana 221324,abc@gmail.com,,,9874561122, ,,,425,,, varanasi,,
Chandrodaya 221323,abc@gmail.com,,,9874561122, ,,,424,,, varanasi,,
Chandresh 221322,abc@gmail.com,,,9874561122, ,,,423,,, varanasi,,
Chandratha 221321,abc@gmail.com,,,9874561122, ,,,422,,, varanasi,,
Chandrashekhar 221320,abc@gmail.com,,,9874561122, ,,,421,,, varanasi,,
Chandrashekar  221319,abc@gmail.com,,,9874561122, ,,,420,,, varanasi,,
Chandraraj  221318,abc@gmail.com,,,9874561122, ,,,419,,, varanasi,,
Chandraprakash 221317,abc@gmail.com,,,9874561122, ,,,418,,, varanasi,,
Chandranath  221316,abc@gmail.com,,,9874561122, ,,,417,,, varanasi,,
Chandran  221315,abc@gmail.com,,,9874561122, ,,,416,,, varanasi,,
Chandramohan  221314,abc@gmail.com,,,9874561122, ,,,415,,, varanasi,,
Chandrakumar  221313,abc@gmail.com,,,9874561122, ,,,414,,, varanasi,,
Chandrakishore  221312,abc@gmail.com,,,9874561122, ,,,413,,, varanasi,,
Chandrakirthi 221311,abc@gmail.com,,,9874561122, ,,,412,,, varanasi,,
Chandrakiran 221310,abc@gmail.com,,,9874561122, ,,,411,,, varanasi,,
Chandrakanta  221309,abc@gmail.com,,,9874561122, ,,,410,,, varanasi,,
Chandrak 221308,abc@gmail.com,,,9874561122, ,,,409,,, varanasi,,
Chandrahas 221307,abc@gmail.com,,,9874561122, ,,,408,,, varanasi,,
Chandrachur  221306,abc@gmail.com,,,9874561122, ,,,407,,, varanasi,,
Chandrabhan  221305,abc@gmail.com,,,9874561122, ,,,406,,, varanasi,,
Chandra 221304,abc@gmail.com,,,9874561122, ,,,405,,, varanasi,,
Chandan 221303,abc@gmail.com,,,9874561122, ,,,404,,, varanasi,,
Chandak  221302,abc@gmail.com,,,9874561122, ,,,403,,, varanasi,,
Chanchal  221301,abc@gmail.com,,,9874561122, ,,,402,,, varanasi,,
Chanakya 221300,abc@gmail.com,,,9874561122, ,,,401,,, varanasi,,
Champak  221299,abc@gmail.com,,,9874561122, ,,,400,,, varanasi,,
Chamanlal  221298,abc@gmail.com,,,9874561122, ,,,399,,, varanasi,,
Chaman 221297,abc@gmail.com,,,9874561122, ,,,398,,, varanasi,,
Chakshu  221296,abc@gmail.com,,,9874561122, ,,,397,,, varanasi,,
Chakrapani  221295,abc@gmail.com,,,9874561122, ,,,396,,, varanasi,,
Chakradhar  221294,abc@gmail.com,,,9874561122, ,,,395,,, varanasi,,
Chakradev  221293,abc@gmail.com,,,9874561122, ,,,394,,, varanasi,,
Chakor  221292,abc@gmail.com,,,9874561122, ,,,393,,, varanasi,,
Chaitanya 221291,abc@gmail.com,,,9874561122, ,,,392,,, varanasi,,
Bukka  221290,abc@gmail.com,,,9874561122, ,,,391,,, varanasi,,
Budhil  221289,abc@gmail.com,,,9874561122, ,,,390,,, varanasi,,
Buddhadeva  221288,abc@gmail.com,,,9874561122, ,,,389,,, varanasi,,
Buddhadev 221287,abc@gmail.com,,,9874561122, ,,,388,,, varanasi,,
Brijmohan 221286,abc@gmail.com,,,9874561122, ,,,387,,, varanasi,,
Brijesh 221285,abc@gmail.com,,,9874561122, ,,,386,,, varanasi,,
Bratindra  221284,abc@gmail.com,,,9874561122, ,,,385,,, varanasi,,
Brahmadutt  221283,abc@gmail.com,,,9874561122, ,,,384,,, varanasi,,
Brahmabrata  221282,abc@gmail.com,,,9874561122, ,,,383,,, varanasi,,
Boudhayan  221281,abc@gmail.com,,,9874561122, ,,,382,,, varanasi,,
Bodhan  221280,abc@gmail.com,,,9874561122, ,,,381,,, varanasi,,
Bitasok  221279,abc@gmail.com,,,9874561122, ,,,380,,, varanasi,,
Birbal 221278,abc@gmail.com,,,9874561122, ,,,379,,, varanasi,,
Bipin 221277,abc@gmail.com,,,9874561122, ,,,378,,, varanasi,,
Bindusar 221276,abc@gmail.com,,,9874561122, ,,,377,,, varanasi,,
Bimal  221275,abc@gmail.com,,,9874561122, ,,,376,,, varanasi,,
Bilva  221274,abc@gmail.com,,,9874561122, ,,,375,,, varanasi,,
Bikram  221273,abc@gmail.com,,,9874561122, ,,,374,,, varanasi,,
Bijal  221272,abc@gmail.com,,,9874561122, ,,,373,,, varanasi,,
Bibhavasu  221271,abc@gmail.com,,,9874561122, ,,,372,,, varanasi,,
Bibhas  221270,abc@gmail.com,,,9874561122, ,,,371,,, varanasi,,
Bibek  221269,abc@gmail.com,,,9874561122, ,,,370,,, varanasi,,
Bhuvanesh 221268,abc@gmail.com,,,9874561122, ,,,369,,, varanasi,,
Bhuvan 221267,abc@gmail.com,,,9874561122, ,,,368,,, varanasi,,
Bhushan 221266,abc@gmail.com,,,9874561122, ,,,367,,, varanasi,,
Bhupendra 221265,abc@gmail.com,,,9874561122, ,,,366,,, varanasi,,
Bhupen 221264,abc@gmail.com,,,9874561122, ,,,365,,, varanasi,,
Bhupathi 221263,abc@gmail.com,,,9874561122, ,,,364,,, varanasi,,
Bhumi 221262,abc@gmail.com,,,9874561122, ,,,363,,, varanasi,,
Bhudev 221261,abc@gmail.com,,,9874561122, ,,,362,,, varanasi,,
Bhooshit  221260,abc@gmail.com,,,9874561122, ,,,361,,, varanasi,,
Bhooshan  221259,abc@gmail.com,,,9874561122, ,,,360,,, varanasi,,
Bhojaraja 221258,abc@gmail.com,,,9874561122, ,,,359,,, varanasi,,
Bhishma  221257,abc@gmail.com,,,9874561122, ,,,358,,, varanasi,,
Bhim 221256,abc@gmail.com,,,9874561122, ,,,357,,, varanasi,,
Bhavesh 221255,abc@gmail.com,,,9874561122, ,,,356,,, varanasi,,
Bhavamanyu 221254,abc@gmail.com,,,9874561122, ,,,355,,, varanasi,,
Bhaumik  221253,abc@gmail.com,,,9874561122, ,,,354,,, varanasi,,
Bhaskar 221252,abc@gmail.com,,,9874561122, ,,,353,,, varanasi,,
Bhargyaraj  221251,abc@gmail.com,,,9874561122, ,,,352,,, varanasi,,
Bhargava  221250,abc@gmail.com,,,9874561122, ,,,351,,, varanasi,,
Bharat 221249,abc@gmail.com,,,9874561122, ,,,350,,, varanasi,,
Bharadwaj 221248,abc@gmail.com,,,9874561122, ,,,349,,, varanasi,,
Bhanuprasad 221247,abc@gmail.com,,,9874561122, ,,,348,,, varanasi,,
Bhanudas  221246,abc@gmail.com,,,9874561122, ,,,347,,, varanasi,,
Bhanu 221245,abc@gmail.com,,,9874561122, ,,,346,,, varanasi,,
Bhajan  221244,abc@gmail.com,,,9874561122, ,,,345,,, varanasi,,
Bhairav  221243,abc@gmail.com,,,9874561122, ,,,344,,, varanasi,,
Bhagyanandana 221242,abc@gmail.com,,,9874561122, ,,,343,,, varanasi,,
Bhagwant  221241,abc@gmail.com,,,9874561122, ,,,342,,, varanasi,,
Bhagirath 221240,abc@gmail.com,,,9874561122, ,,,341,,, varanasi,,
Bhagirat 221239,abc@gmail.com,,,9874561122, ,,,340,,, varanasi,,
Bhagat 221238,abc@gmail.com,,,9874561122, ,,,339,,, varanasi,,
Bhagaditya 221237,abc@gmail.com,,,9874561122, ,,,338,,, varanasi,,
Bhadranidhi 221236,abc@gmail.com,,,9874561122, ,,,337,,, varanasi,,
Bhadrang 221235,abc@gmail.com,,,9874561122, ,,,336,,, varanasi,,
Bhadraksh 221234,abc@gmail.com,,,9874561122, ,,,335,,, varanasi,,
Bhadrak 221233,abc@gmail.com,,,9874561122, ,,,334,,, varanasi,,
Basudha  221232,abc@gmail.com,,,9874561122, ,,,333,,, varanasi,,
Basistha  221231,abc@gmail.com,,,9874561122, ,,,332,,, varanasi,,
Basavaraj 221230,abc@gmail.com,,,9874561122, ,,,331,,, varanasi,,
Basanta  221229,abc@gmail.com,,,9874561122, ,,,330,,, varanasi,,
Barun  221228,abc@gmail.com,,,9874561122, ,,,329,,, varanasi,,
Barindra  221227,abc@gmail.com,,,9874561122, ,,,328,,, varanasi,,
Baridbaran  221226,abc@gmail.com,,,9874561122, ,,,327,,, varanasi,,
Barid  221225,abc@gmail.com,,,9874561122, ,,,326,,, varanasi,,
Bansilal  221224,abc@gmail.com,,,9874561122, ,,,325,,, varanasi,,
Bansi 221223,abc@gmail.com,,,9874561122, ,,,324,,, varanasi,,
Bankimchandra  221222,abc@gmail.com,,,9874561122, ,,,323,,, varanasi,,
Bankim  221221,abc@gmail.com,,,9874561122, ,,,322,,, varanasi,,
Bankebihari  221220,abc@gmail.com,,,9874561122, ,,,321,,, varanasi,,
Bandhul  221219,abc@gmail.com,,,9874561122, ,,,320,,, varanasi,,
Bandhu  221218,abc@gmail.com,,,9874561122, ,,,319,,, varanasi,,
Banbihari  221217,abc@gmail.com,,,9874561122, ,,,318,,, varanasi,,
Balwant  221216,abc@gmail.com,,,9874561122, ,,,317,,, varanasi,,
"Balvindra, Balvinder  221215",abc@gmail.com,,,9874561122, ,,,316,,, varanasi,,
Balram 221214,abc@gmail.com,,,9874561122, ,,,315,,, varanasi,,
Balgopal  221213,abc@gmail.com,,,9874561122, ,,,314,,, varanasi,,
Baldev 221212,abc@gmail.com,,,9874561122, ,,,313,,, varanasi,,
Balbir  221211,abc@gmail.com,,,9874561122, ,,,312,,, varanasi,,
Balaravi 221210,abc@gmail.com,,,9874561122, ,,,311,,, varanasi,,
Balaram  221209,abc@gmail.com,,,9874561122, ,,,310,,, varanasi,,
Balaraj  221208,abc@gmail.com,,,9874561122, ,,,309,,, varanasi,,
Balanath 221207,abc@gmail.com,,,9874561122, ,,,308,,, varanasi,,
Balan 221206,abc@gmail.com,,,9874561122, ,,,307,,, varanasi,,
Balamurugan 221205,abc@gmail.com,,,9874561122, ,,,306,,, varanasi,,
Balamohan 221204,abc@gmail.com,,,9874561122, ,,,305,,, varanasi,,
Balamani 221203,abc@gmail.com,,,9874561122, ,,,304,,, varanasi,,
Balakumar 221202,abc@gmail.com,,,9874561122, ,,,303,,, varanasi,,
Balakrishna 221201,abc@gmail.com,,,9874561122, ,,,302,,, varanasi,,
Balaji 221200,abc@gmail.com,,,9874561122, ,,,301,,, varanasi,,
Balagovind  221199,abc@gmail.com,,,9874561122, ,,,300,,, varanasi,,
Baladhitya 221198,abc@gmail.com,,,9874561122, ,,,299,,, varanasi,,
Baladhi 221197,abc@gmail.com,,,9874561122, ,,,298,,, varanasi,,
Balachandrav 221196,abc@gmail.com,,,9874561122, ,,,297,,, varanasi,,
Balachandra 221195,abc@gmail.com,,,9874561122, ,,,296,,, varanasi,,
Balaaditya 221194,abc@gmail.com,,,9874561122, ,,,295,,, varanasi,,
Bakhtawar 221193,abc@gmail.com,,,9874561122, ,,,294,,, varanasi,,
Bajrang  221192,abc@gmail.com,,,9874561122, ,,,293,,, varanasi,,
Bahurai 221191,abc@gmail.com,,,9874561122, ,,,292,,, varanasi,,
Bahumanya 221190,abc@gmail.com,,,9874561122, ,,,291,,, varanasi,,
Bahuleya  221189,abc@gmail.com,,,9874561122, ,,,290,,, varanasi,,
Bahubali  221188,abc@gmail.com,,,9874561122, ,,,289,,, varanasi,,
Badriprasad 221187,abc@gmail.com,,,9874561122, ,,,288,,, varanasi,,
Badrinath 221186,abc@gmail.com,,,9874561122, ,,,287,,, varanasi,,
Badri  221185,abc@gmail.com,,,9874561122, ,,,286,,, varanasi,,
Badal  221184,abc@gmail.com,,,9874561122, ,,,285,,, varanasi,,
Ayyapan  221183,abc@gmail.com,,,9874561122, ,,,284,,, varanasi,,
Ayushman  221182,abc@gmail.com,,,9874561122, ,,,283,,, varanasi,,
Ayog  221181,abc@gmail.com,,,9874561122, ,,,282,,, varanasi,,
Avkash  221180,abc@gmail.com,,,9874561122, ,,,281,,, varanasi,,
Avinash 221179,abc@gmail.com,,,9874561122, ,,,280,,, varanasi,,
Avikshit  221178,abc@gmail.com,,,9874561122, ,,,279,,, varanasi,,
Avatar  221177,abc@gmail.com,,,9874561122, ,,,278,,, varanasi,,
Avanish 221176,abc@gmail.com,,,9874561122, ,,,277,,, varanasi,,
Avanindra 221175,abc@gmail.com,,,9874561122, ,,,276,,, varanasi,,
Avadhesh  221174,abc@gmail.com,,,9874561122, ,,,275,,, varanasi,,
Atulya 221173,abc@gmail.com,,,9874561122, ,,,274,,, varanasi,,
"Atul, Atulya  221172",abc@gmail.com,,,9874561122, ,,,273,,, varanasi,,
Atul 221171,abc@gmail.com,,,9874561122, ,,,272,,, varanasi,,
Atreya  221170,abc@gmail.com,,,9874561122, ,,,271,,, varanasi,,
Atralarasu  221169,abc@gmail.com,,,9874561122, ,,,270,,, varanasi,,
Atmananda  221168,abc@gmail.com,,,9874561122, ,,,269,,, varanasi,,
Atmajyoti 221167,abc@gmail.com,,,9874561122, ,,,268,,, varanasi,,
Atmaja  221166,abc@gmail.com,,,9874561122, ,,,267,,, varanasi,,
Atma  221165,abc@gmail.com,,,9874561122, ,,,266,,, varanasi,,
Atiya  221164,abc@gmail.com,,,9874561122, ,,,265,,, varanasi,,
Atanu  221163,abc@gmail.com,,,9874561122, ,,,264,,, varanasi,,
Atal  221162,abc@gmail.com,,,9874561122, ,,,263,,, varanasi,,
Aslesh  221161,abc@gmail.com,,,9874561122, ,,,262,,, varanasi,,
"Asit, Ashit  221160",abc@gmail.com,,,9874561122, ,,,261,,, varanasi,,
Ashwini 221159,abc@gmail.com,,,9874561122, ,,,260,,, varanasi,,
"Ashwin, Asvin  221158",abc@gmail.com,,,9874561122, ,,,259,,, varanasi,,
Ashwatthama 221157,abc@gmail.com,,,9874561122, ,,,258,,, varanasi,,
Ashvin 221156,abc@gmail.com,,,9874561122, ,,,257,,, varanasi,,
Ashutosh  221155,abc@gmail.com,,,9874561122, ,,,256,,, varanasi,,
Ashu  221154,abc@gmail.com,,,9874561122, ,,,255,,, varanasi,,
Ashraf  221153,abc@gmail.com,,,9874561122, ,,,254,,, varanasi,,
Ashok 221152,abc@gmail.com,,,9874561122, ,,,253,,, varanasi,,
Ashis  221151,abc@gmail.com,,,9874561122, ,,,252,,, varanasi,,
Asgar  221150,abc@gmail.com,,,9874561122, ,,,251,,, varanasi,,
"Asao, Asav  221149",abc@gmail.com,,,9874561122, ,,,250,,, varanasi,,
Aryaman  221148,abc@gmail.com,,,9874561122, ,,,249,,, varanasi,,
Arya  221147,abc@gmail.com,,,9874561122, ,,,248,,, varanasi,,
"Arvinda, Arabinda  221146",abc@gmail.com,,,9874561122, ,,,247,,, varanasi,,
Arvind 221145,abc@gmail.com,,,9874561122, ,,,246,,, varanasi,,
Aruni  221144,abc@gmail.com,,,9874561122, ,,,245,,, varanasi,,
"Arun, Aroon  221143",abc@gmail.com,,,9874561122, ,,,244,,, varanasi,,
Arun 221142,abc@gmail.com,,,9874561122, ,,,243,,, varanasi,,
Arumugan  221141,abc@gmail.com,,,9874561122, ,,,242,,, varanasi,,
Arulchelvan  221140,abc@gmail.com,,,9874561122, ,,,241,,, varanasi,,
Arul  221139,abc@gmail.com,,,9874561122, ,,,240,,, varanasi,,
Arshad  221138,abc@gmail.com,,,9874561122, ,,,239,,, varanasi,,
Arokya  221137,abc@gmail.com,,,9874561122, ,,,238,,, varanasi,,
Arnesh  221136,abc@gmail.com,,,9874561122, ,,,237,,, varanasi,,
Arnav 221135,abc@gmail.com,,,9874561122, ,,,236,,, varanasi,,
Arka  221134,abc@gmail.com,,,9874561122, ,,,235,,, varanasi,,
Arjun 221133,abc@gmail.com,,,9874561122, ,,,234,,, varanasi,,
Arjit  221132,abc@gmail.com,,,9874561122, ,,,233,,, varanasi,,
Arivunambi  221131,abc@gmail.com,,,9874561122, ,,,232,,, varanasi,,
Arivumani  221130,abc@gmail.com,,,9874561122, ,,,231,,, varanasi,,
Arivumadhi  221129,abc@gmail.com,,,9874561122, ,,,230,,, varanasi,,
Arivuchelvan  221128,abc@gmail.com,,,9874561122, ,,,229,,, varanasi,,
Arivoli  221127,abc@gmail.com,,,9874561122, ,,,228,,, varanasi,,
Arivarasu  221126,abc@gmail.com,,,9874561122, ,,,227,,, varanasi,,
Arivali  221125,abc@gmail.com,,,9874561122, ,,,226,,, varanasi,,
Arivalagan  221124,abc@gmail.com,,,9874561122, ,,,225,,, varanasi,,
Arindam  221123,abc@gmail.com,,,9874561122, ,,,224,,, varanasi,,
Arijit  221122,abc@gmail.com,,,9874561122, ,,,223,,, varanasi,,
Arihant 221121,abc@gmail.com,,,9874561122, ,,,222,,, varanasi,,
Arhant  221120,abc@gmail.com,,,9874561122, ,,,221,,, varanasi,,
Arham  221119,abc@gmail.com,,,9874561122, ,,,220,,, varanasi,,
Arghya  221118,abc@gmail.com,,,9874561122, ,,,219,,, varanasi,,
Ardhendu  221117,abc@gmail.com,,,9874561122, ,,,218,,, varanasi,,
Archit  221116,abc@gmail.com,,,9874561122, ,,,217,,, varanasi,,
Archan  221115,abc@gmail.com,,,9874561122, ,,,216,,, varanasi,,
Aravan  221114,abc@gmail.com,,,9874561122, ,,,215,,, varanasi,,
Aravali  221113,abc@gmail.com,,,9874561122, ,,,214,,, varanasi,,
Arav  221112,abc@gmail.com,,,9874561122, ,,,213,,, varanasi,,
"Apurva, Apoorva  221111",abc@gmail.com,,,9874561122, ,,,212,,, varanasi,,
Apparajito  221110,abc@gmail.com,,,9874561122, ,,,211,,, varanasi,,
Apoorva 221109,abc@gmail.com,,,9874561122, ,,,210,,, varanasi,,
Anwar  221108,abc@gmail.com,,,9874561122, ,,,209,,, varanasi,,
Anuttam  221107,abc@gmail.com,,,9874561122, ,,,208,,, varanasi,,
"Anurag, Anuraag  221106",abc@gmail.com,,,9874561122, ,,,207,,, varanasi,,
Anurag 221105,abc@gmail.com,,,9874561122, ,,,206,,, varanasi,,
Anupam 221104,abc@gmail.com,,,9874561122, ,,,205,,, varanasi,,
"Anup, Anoop  221103",abc@gmail.com,,,9874561122, ,,,204,,, varanasi,,
Anunay  221102,abc@gmail.com,,,9874561122, ,,,203,,, varanasi,,
Anuj  221101,abc@gmail.com,,,9874561122, ,,,202,,, varanasi,,
Anuha  221100,abc@gmail.com,,,9874561122, ,,,201,,, varanasi,,
Anugya  221099,abc@gmail.com,,,9874561122, ,,,200,,, varanasi,,
Anu  221098,abc@gmail.com,,,9874561122, ,,,199,,, varanasi,,
Anshumat  221097,abc@gmail.com,,,9874561122, ,,,198,,, varanasi,,
Anshuman 221096,abc@gmail.com,,,9874561122, ,,,197,,, varanasi,,
Anshul 221095,abc@gmail.com,,,9874561122, ,,,196,,, varanasi,,
Anshu  221094,abc@gmail.com,,,9874561122, ,,,195,,, varanasi,,
Anoop 221093,abc@gmail.com,,,9874561122, ,,,194,,, varanasi,,
Anmol  221092,abc@gmail.com,,,9874561122, ,,,193,,, varanasi,,
Ankush  221091,abc@gmail.com,,,9874561122, ,,,192,,, varanasi,,
Ankur 221090,abc@gmail.com,,,9874561122, ,,,191,,, varanasi,,
Ankit 221089,abc@gmail.com,,,9874561122, ,,,190,,, varanasi,,
Anjuman  221088,abc@gmail.com,,,9874561122, ,,,189,,, varanasi,,
Anjum  221087,abc@gmail.com,,,9874561122, ,,,188,,, varanasi,,
Anjasa  221086,abc@gmail.com,,,9874561122, ,,,187,,, varanasi,,
Aniteja  221085,abc@gmail.com,,,9874561122, ,,,186,,, varanasi,,
Anish 221084,abc@gmail.com,,,9874561122, ,,,185,,, varanasi,,
Anisa  221083,abc@gmail.com,,,9874561122, ,,,184,,, varanasi,,
Anirvan  221082,abc@gmail.com,,,9874561122, ,,,183,,, varanasi,,
Anirudhha 221081,abc@gmail.com,,,9874561122, ,,,182,,, varanasi,,
"Animish, Animesh  221080",abc@gmail.com,,,9874561122, ,,,181,,, varanasi,,
Anil 221079,abc@gmail.com,,,9874561122, ,,,180,,, varanasi,,
Angamuthu  221078,abc@gmail.com,,,9874561122, ,,,179,,, varanasi,,
Angada 221077,abc@gmail.com,,,9874561122, ,,,178,,, varanasi,,
Angad  221076,abc@gmail.com,,,9874561122, ,,,177,,, varanasi,,
Anbumadi  221075,abc@gmail.com,,,9874561122, ,,,176,,, varanasi,,
Anbuchelvan  221074,abc@gmail.com,,,9874561122, ,,,175,,, varanasi,,
Anbu  221073,abc@gmail.com,,,9874561122, ,,,174,,, varanasi,,
Anbarasu  221072,abc@gmail.com,,,9874561122, ,,,173,,, varanasi,,
Anarghya  221071,abc@gmail.com,,,9874561122, ,,,172,,, varanasi,,
Anantram 221070,abc@gmail.com,,,9874561122, ,,,171,,, varanasi,,
"Ananta, Anant  221069",abc@gmail.com,,,9874561122, ,,,170,,, varanasi,,
Anant 221068,abc@gmail.com,,,9874561122, ,,,169,,, varanasi,,
Ananmaya  221067,abc@gmail.com,,,9874561122, ,,,168,,, varanasi,,
"Ananga, Anang  221066",abc@gmail.com,,,9874561122, ,,,167,,, varanasi,,
"Ananda, Anand  221065",abc@gmail.com,,,9874561122, ,,,166,,, varanasi,,
Anand 221064,abc@gmail.com,,,9874561122, ,,,165,,, varanasi,,
Anamitra  221063,abc@gmail.com,,,9874561122, ,,,164,,, varanasi,,
Anadi  221062,abc@gmail.com,,,9874561122, ,,,163,,, varanasi,,
Amulya 221061,abc@gmail.com,,,9874561122, ,,,162,,, varanasi,,
"Amrit, Amrik  221060",abc@gmail.com,,,9874561122, ,,,161,,, varanasi,,
Amrit 221059,abc@gmail.com,,,9874561122, ,,,160,,, varanasi,,
"Amolik, Amolak  221058",abc@gmail.com,,,9874561122, ,,,159,,, varanasi,,
Amol 221057,abc@gmail.com,,,9874561122, ,,,158,,, varanasi,,
Amoha  221056,abc@gmail.com,,,9874561122, ,,,157,,, varanasi,,
Amogh 221055,abc@gmail.com,,,9874561122, ,,,156,,, varanasi,,
Amod  221054,abc@gmail.com,,,9874561122, ,,,155,,, varanasi,,
Ammar  221053,abc@gmail.com,,,9874561122, ,,,154,,, varanasi,,
Amlankusum  221052,abc@gmail.com,,,9874561122, ,,,153,,, varanasi,,
Amiya  221051,abc@gmail.com,,,9874561122, ,,,152,,, varanasi,,
Amitrasudan  221050,abc@gmail.com,,,9874561122, ,,,151,,, varanasi,,
Amitiyoti  221049,abc@gmail.com,,,9874561122, ,,,150,,, varanasi,,
Amitesh 221048,abc@gmail.com,,,9874561122, ,,,149,,, varanasi,,
Amitbikram  221047,abc@gmail.com,,,9874561122, ,,,148,,, varanasi,,
Amitava 221046,abc@gmail.com,,,9874561122, ,,,147,,, varanasi,,
"Amitabha, Amitav  221045",abc@gmail.com,,,9874561122, ,,,146,,, varanasi,,
Amitabh 221044,abc@gmail.com,,,9874561122, ,,,145,,, varanasi,,
Amit 221043,abc@gmail.com,,,9874561122, ,,,144,,, varanasi,,
Amish 221042,abc@gmail.com,,,9874561122, ,,,143,,, varanasi,,
Amil  221041,abc@gmail.com,,,9874561122, ,,,142,,, varanasi,,
Ameya 221040,abc@gmail.com,,,9874561122, ,,,141,,, varanasi,,
Ambuj  221039,abc@gmail.com,,,9874561122, ,,,140,,, varanasi,,
Ambarish  221038,abc@gmail.com,,,9874561122, ,,,139,,, varanasi,,
Ambar 221037,abc@gmail.com,,,9874561122, ,,,138,,, varanasi,,
Amartya  221036,abc@gmail.com,,,9874561122, ,,,137,,, varanasi,,
Amar 221035,abc@gmail.com,,,9874561122, ,,,136,,, varanasi,,
Amanda  221034,abc@gmail.com,,,9874561122, ,,,135,,, varanasi,,
Amanath  221033,abc@gmail.com,,,9874561122, ,,,134,,, varanasi,,
Amalesh  221032,abc@gmail.com,,,9874561122, ,,,133,,, varanasi,,
Amalendu  221031,abc@gmail.com,,,9874561122, ,,,132,,, varanasi,,
Amal 221030,abc@gmail.com,,,9874561122, ,,,131,,, varanasi,,
Aloke  221029,abc@gmail.com,,,9874561122, ,,,130,,, varanasi,,
Alok 221028,abc@gmail.com,,,9874561122, ,,,129,,, varanasi,,
Alhad  221027,abc@gmail.com,,,9874561122, ,,,128,,, varanasi,,
Alamgir  221026,abc@gmail.com,,,9874561122, ,,,127,,, varanasi,,
"Alam, Aalam  221025",abc@gmail.com,,,9874561122, ,,,126,,, varanasi,,
Alagarasu  221024,abc@gmail.com,,,9874561122, ,,,125,,, varanasi,,
Alagan  221023,abc@gmail.com,,,9874561122, ,,,124,,, varanasi,,
Akul  221022,abc@gmail.com,,,9874561122, ,,,123,,, varanasi,,
Akshit  221021,abc@gmail.com,,,9874561122, ,,,122,,, varanasi,,
Akshay  221020,abc@gmail.com,,,9874561122, ,,,121,,, varanasi,,
Akshath  221019,abc@gmail.com,,,9874561122, ,,,120,,, varanasi,,
Akshat 221018,abc@gmail.com,,,9874561122, ,,,119,,, varanasi,,
Akshar  221017,abc@gmail.com,,,9874561122, ,,,118,,, varanasi,,
Akshan  221016,abc@gmail.com,,,9874561122, ,,,117,,, varanasi,,
Akroor  221015,abc@gmail.com,,,9874561122, ,,,116,,, varanasi,,
Akram  221014,abc@gmail.com,,,9874561122, ,,,115,,, varanasi,,
Akmal  221013,abc@gmail.com,,,9874561122, ,,,114,,, varanasi,,
Akhilesh 221012,abc@gmail.com,,,9874561122, ,,,113,,, varanasi,,
Akhil  221011,abc@gmail.com,,,9874561122, ,,,112,,, varanasi,,
Akash 221010,abc@gmail.com,,,9874561122, ,,,111,,, varanasi,,
Akalpa  221009,abc@gmail.com,,,9874561122, ,,,110,,, varanasi,,
Akalmash  221008,abc@gmail.com,,,9874561122, ,,,109,,, varanasi,,
Ajmal  221007,abc@gmail.com,,,9874561122, ,,,108,,, varanasi,,
Ajitesh  221006,abc@gmail.com,,,9874561122, ,,,107,,, varanasi,,
Ajitabh 221005,abc@gmail.com,,,9874561122, ,,,106,,, varanasi,,
Ajit 221004,abc@gmail.com,,,9874561122, ,,,105,,, varanasi,,
Ajinkya  221003,abc@gmail.com,,,9874561122, ,,,104,,, varanasi,,
Ajay 221002,abc@gmail.com,,,9874561122, ,,,103,,, varanasi,,
Ajatashatru 221002,abc@gmail.com,,,9874561122, ,,,102,,, varanasi,,
Ajamil  221002,abc@gmail.com,,,9874561122, ,,,101,,, varanasi,,
Ainesh  221002,abc@gmail.com,,,9874561122, ,,,100,,, varanasi,,
Aiman  221002,abc@gmail.com,,,9874561122, ,,,99,,, varanasi,,
Aijaz  221002,abc@gmail.com,,,9874561122, ,,,98,,, varanasi,,
Ahsan  221002,abc@gmail.com,,,9874561122, ,,,97,,, varanasi,,
Ahmad  221002,abc@gmail.com,,,9874561122, ,,,96,,, varanasi,,
Ahilan  221002,abc@gmail.com,,,9874561122, ,,,95,,, varanasi,,
Ahijit  221002,abc@gmail.com,,,9874561122, ,,,94,,, varanasi,,
Agriya  221002,abc@gmail.com,,,9874561122, ,,,93,,, varanasi,,
Agrim  221002,abc@gmail.com,,,9874561122, ,,,92,,, varanasi,,
Agniprava  221002,abc@gmail.com,,,9874561122, ,,,91,,, varanasi,,
Agnikumara  221002,abc@gmail.com,,,9874561122, ,,,90,,, varanasi,,
Agneya  221002,abc@gmail.com,,,9874561122, ,,,89,,, varanasi,,
Aghat  221002,abc@gmail.com,,,9874561122, ,,,88,,, varanasi,,
Agharna  221002,abc@gmail.com,,,9874561122, ,,,87,,, varanasi,,
Agha  221002,abc@gmail.com,,,9874561122, ,,,86,,, varanasi,,
Agendra  221002,abc@gmail.com,,,9874561122, ,,,85,,, varanasi,,
"Agasti, Agastya  221002",abc@gmail.com,,,9874561122, ,,,84,,, varanasi,,
"Aftab,Aftaab  221002",abc@gmail.com,,,9874561122, ,,,83,,, varanasi,,
Adwaya  221002,abc@gmail.com,,,9874561122, ,,,82,,, varanasi,,
Adway  221002,abc@gmail.com,,,9874561122, ,,,81,,, varanasi,,
Adwaita  221002,abc@gmail.com,,,9874561122, ,,,80,,, varanasi,,
Adripathi  221002,abc@gmail.com,,,9874561122, ,,,79,,, varanasi,,
Adityavardhana 221002,abc@gmail.com,,,9874561122, ,,,78,,, varanasi,,
Adityanandana  221002,abc@gmail.com,,,9874561122, ,,,77,,, varanasi,,
Aditya 221002,abc@gmail.com,,,9874561122, ,,,76,,, varanasi,,
Aditeya  221002,abc@gmail.com,,,9874561122, ,,,75,,, varanasi,,
Adit  221002,abc@gmail.com,,,9874561122, ,,,74,,, varanasi,,
Adinath  221002,abc@gmail.com,,,9874561122, ,,,73,,, varanasi,,
Adil  221002,abc@gmail.com,,,9874561122, ,,,72,,, varanasi,,
Adikavi  221002,abc@gmail.com,,,9874561122, ,,,71,,, varanasi,,
Adhita  221002,abc@gmail.com,,,9874561122, ,,,70,,, varanasi,,
Adhipa  221002,abc@gmail.com,,,9874561122, ,,,69,,, varanasi,,
Adhikara  221002,abc@gmail.com,,,9874561122, ,,,68,,, varanasi,,
Adhik  221002,abc@gmail.com,,,9874561122, ,,,67,,, varanasi,,
Adesh  221002,abc@gmail.com,,,9874561122, ,,,66,,, varanasi,,
Adarsh  221002,abc@gmail.com,,,9874561122, ,,,65,,, varanasi,,
Adalarasu  221002,abc@gmail.com,,,9874561122, ,,,64,,, varanasi,,
Acyutaraya  221002,abc@gmail.com,,,9874561122, ,,,63,,, varanasi,,
Acintya  221002,abc@gmail.com,,,9874561122, ,,,62,,, varanasi,,
Achyuta 221002,abc@gmail.com,,,9874561122, ,,,61,,, varanasi,,
Achyut  221002,abc@gmail.com,,,9874561122, ,,,60,,, varanasi,,
Achintya 221002,abc@gmail.com,,,9874561122, ,,,59,,, varanasi,,
Achal  221002,abc@gmail.com,,,9874561122, ,,,58,,, varanasi,,
Acchindra  221002,abc@gmail.com,,,9874561122, ,,,57,,, varanasi,,
Acaryatanaya  221002,abc@gmail.com,,,9874561122, ,,,56,,, varanasi,,
Acaryasuta  221002,abc@gmail.com,,,9874561122, ,,,55,,, varanasi,,
Acaryanandana  221002,abc@gmail.com,,,9874561122, ,,,54,,, varanasi,,
Acarya  221002,abc@gmail.com,,,9874561122, ,,,53,,, varanasi,,
Acanda  221002,abc@gmail.com,,,9874561122, ,,,52,,, varanasi,,
Acalesvara  221002,abc@gmail.com,,,9874561122, ,,,51,,, varanasi,,
Acalendra  221002,abc@gmail.com,,,9874561122, ,,,50,,, varanasi,,
Acalapati  221002,abc@gmail.com,,,9874561122, ,,,49,,, varanasi,,
Abjit  221002,abc@gmail.com,,,9874561122, ,,,48,,, varanasi,,
Abjayoni  221002,abc@gmail.com,,,9874561122, ,,,47,,, varanasi,,
Abhyudita  221002,abc@gmail.com,,,9874561122, ,,,46,,, varanasi,,
Abhyudaya  221002,abc@gmail.com,,,9874561122, ,,,45,,, varanasi,,
Abhyagni  221002,abc@gmail.com,,,9874561122, ,,,44,,, varanasi,,
Abhrakasin  221002,abc@gmail.com,,,9874561122, ,,,43,,, varanasi,,
Abhra  221002,abc@gmail.com,,,9874561122, ,,,42,,, varanasi,,
Abhivira  221002,abc@gmail.com,,,9874561122, ,,,41,,, varanasi,,
Abhisyanta  221002,abc@gmail.com,,,9874561122, ,,,40,,, varanasi,,
Abhisumat  221002,abc@gmail.com,,,9874561122, ,,,39,,, varanasi,,
Abhisoka  221002,abc@gmail.com,,,9874561122, ,,,38,,, varanasi,,
Abhishek 221002,abc@gmail.com,,,9874561122, ,,,37,,, varanasi,,
Abhirup  221002,abc@gmail.com,,,9874561122, ,,,36,,, varanasi,,
Abhinava  221002,abc@gmail.com,,,9874561122, ,,,35,,, varanasi,,
Abhinav 221002,abc@gmail.com,,,9874561122, ,,,34,,, varanasi,,
Abhinatha 221002,abc@gmail.com,,,9874561122, ,,,33,,, varanasi,,
Abhinandana 221002,abc@gmail.com,,,9874561122, ,,,32,,, varanasi,,
Abhinanda  221002,abc@gmail.com,,,9874561122, ,,,31,,, varanasi,,
Abhinabhas  221002,abc@gmail.com,,,9874561122, ,,,30,,, varanasi,,
Abhimoda  221002,abc@gmail.com,,,9874561122, ,,,29,,, varanasi,,
Abhimanyusuta  221002,abc@gmail.com,,,9874561122, ,,,28,,, varanasi,,
Abhimanyu  221002,abc@gmail.com,,,9874561122, ,,,27,,, varanasi,,
Abhimani  221002,abc@gmail.com,,,9874561122, ,,,26,,, varanasi,,
Abhimand  221002,abc@gmail.com,,,9874561122, ,,,25,,, varanasi,,
Abhilash  221002,abc@gmail.com,,,9874561122, ,,,24,,, varanasi,,
Abhijvala  221002,abc@gmail.com,,,9874561122, ,,,23,,, varanasi,,
Abhijit 221002,abc@gmail.com,,,9874561122, ,,,22,,, varanasi,,
Abhijaya  221002,abc@gmail.com,,,9874561122, ,,,21,,, varanasi,,
Abhijat 221002,abc@gmail.com,,,9874561122, ,,,20,,, varanasi,,
Abhihita  221002,abc@gmail.com,,,9874561122, ,,,19,,, varanasi,,
Abhidi  221002,abc@gmail.com,,,9874561122, ,,,18,,, varanasi,,
Abhicandra  221002,abc@gmail.com,,,9874561122, ,,,17,,, varanasi,,
Abhibhava  221002,abc@gmail.com,,,9874561122, ,,,16,,, varanasi,,
Abhi  221002,abc@gmail.com,,,9874561122, ,,,15,,, varanasi,,
Abheek  221002,abc@gmail.com,,,9874561122, ,,,14,,, varanasi,,
Abhayaprada  221002,abc@gmail.com,,,9874561122, ,,,13,,, varanasi,,
Abhayananda  221002,abc@gmail.com,,,9874561122, ,,,12,,, varanasi,,
Abhay 221002,abc@gmail.com,,,9874561122, ,,,11,,, varanasi,,
Abeer  221002,abc@gmail.com,,,9874561122, ,,,10,,, varanasi,,
Aashish  221002,abc@gmail.com,,,9874561122, ,,,9,,, varanasi,,
Aandaleeb  221002,abc@gmail.com,,,9874561122, ,,,8,,, varanasi,,
Aalap  221002,abc@gmail.com,,,9874561122, ,,,7,,, varanasi,,
Aakash  221002,abc@gmail.com,,,9874561122, ,,,6,,, varanasi,,
Aakar  221002,abc@gmail.com,,,9874561122, ,,,5,,, varanasi,,
Aafreen  221002,abc@gmail.com,,,9874561122, ,,,4,,, varanasi,,
Aadi 221002,abc@gmail.com,,,9874561122, ,,,3,,, varanasi,,
Aadesh  221002,abc@gmail.com,,,9874561122, ,,,2,,, varanasi,,
